{"name":"65c97214-677b-4ebb-8402-1cf4d4725f9b","id":"/providers/Microsoft.Flow/flows/65c97214-677b-4ebb-8402-1cf4d4725f9b","type":"Microsoft.Flow/flows","properties":{"apiId":"/providers/Microsoft.PowerApps/apis/shared_logicflows","displayName":"Trivia Flow","definition":{"metadata":{"workflowEntityId":null,"creator":{"id":"1057b9b7-4202-4804-8b99-40a14ecd6cd8","type":"User","tenantId":"98f2ef8e-39a6-4721-a8c8-2d3dfe8ef2e7"},"provisioningMethod":"FromDefinition","failureAlertSubscription":true,"clientLastModifiedTime":"2020-04-06T19:32:26.723677Z"},"$schema":"https://schema.management.azure.com/providers/Microsoft.Logic/schemas/2016-06-01/workflowdefinition.json#","contentVersion":"1.0.0.0","parameters":{"$connections":{"defaultValue":{},"type":"Object"},"$authentication":{"defaultValue":{},"type":"SecureObject"}},"triggers":{"manual":{"type":"Request","kind":"Button","inputs":{"schema":{"type":"object","properties":{},"required":[]}}}},"actions":{"Post_an_Adaptive_Card_to_a_Teams_user_and_wait_for_a_response_2":{"runAfter":{"Initialize_variable_2":["Succeeded"]},"metadata":{"flowSystemMetadata":{"swaggerOperationId":"SubscribeUserFlowContinuation"}},"type":"ApiConnectionWebhook","inputs":{"host":{"connection":{"name":"@json(decodeBase64(triggerOutputs().headers['X-MS-APIM-Tokens']))['$connections']['shared_teams']['connectionId']"},"api":{"runtimeUrl":"https://unitedstates-002.azure-apim.net/apim/teams"}},"body":{"notificationUrl":"@{listCallbackUrl()}","body":{"recipient":{"to":"mufife@MSD365demo1.onmicrosoft.com;"},"messageBody":"{\n    \"$schema\": \"http://adaptivecards.io/schemas/adaptive-card.json\",\n    \"type\": \"AdaptiveCard\",\n    \"version\": \"1.0\",\n    \"speak\": \"<s>Your  meeting about \\\"Adaptive Card design session\\\"<break strength='weak'/> is starting at 12:30pm</s><s>Do you want to snooze <break strength='weak'/> or do you want to send a late notification to the attendees?</s>\",\n    \"body\": [\n        {\n            \"type\": \"TextBlock\",\n            \"text\": \"Do you want to play a trivia game?\",\n            \"size\": \"Large\",\n            \"weight\": \"Bolder\",\n            \"wrap\": true\n        }\n    ],\n    \"actions\": [\n        {\n            \"type\": \"Action.Submit\",\n            \"title\": \"Yes\",\n            \"data\": {\n                \"x\": \"yes\"\n            }\n        },\n        {\n            \"type\": \"Action.Submit\",\n            \"title\": \"No\",\n            \"data\": {\n                \"x\": \"no\"\n            }\n        }\n    ]\n}"}},"path":"/flowbot/actions/flowcontinuation/recipienttypes/user/$subscriptions","authentication":{"type":"Raw","value":"@json(decodeBase64(triggerOutputs().headers['X-MS-APIM-Tokens']))['$ConnectionKey']"}}},"Condition":{"actions":{"Post_a_message_as_the_Flow_bot_to_a_user":{"runAfter":{},"metadata":{"flowSystemMetadata":{"swaggerOperationId":"PostUserNotification"}},"type":"ApiConnection","inputs":{"host":{"connection":{"name":"@json(decodeBase64(triggerOutputs().headers['X-MS-APIM-Tokens']))['$connections']['shared_teams']['connectionId']"},"api":{"runtimeUrl":"https://unitedstates-002.azure-apim.net/apim/teams"}},"method":"post","body":{"messageTitle":"Great.  Let me look up some trivia.","recipient":{"to":"@{body('Post_an_Adaptive_Card_to_a_Teams_user_and_wait_for_a_response_2')?['responder']?['email']};"},"messageBody":"Let's play a 10 question round."},"path":"/flowbot/actions/notification/recipienttypes/user","authentication":{"type":"Raw","value":"@json(decodeBase64(triggerOutputs().headers['X-MS-APIM-Tokens']))['$ConnectionKey']"}}},"Do_until":{"actions":{"Increment_variable":{"runAfter":{},"type":"IncrementVariable","inputs":{"name":"Question Count","value":1}},"Post_a_message_as_the_Flow_bot_to_a_user_2":{"runAfter":{"Parse_JSON_2":["Succeeded"]},"metadata":{"flowSystemMetadata":{"swaggerOperationId":"PostUserNotification"}},"type":"ApiConnection","inputs":{"host":{"connection":{"name":"@json(decodeBase64(triggerOutputs().headers['X-MS-APIM-Tokens']))['$connections']['shared_teams']['connectionId']"},"api":{"runtimeUrl":"https://unitedstates-002.azure-apim.net/apim/teams"}},"method":"post","body":{"messageTitle":"Here is question number @{variables('Question Count')}","recipient":{"to":"@{body('Post_an_Adaptive_Card_to_a_Teams_user_and_wait_for_a_response_2')?['responder']?['email']};"},"messageBody":"Let's go"},"path":"/flowbot/actions/notification/recipienttypes/user","authentication":{"type":"Raw","value":"@json(decodeBase64(triggerOutputs().headers['X-MS-APIM-Tokens']))['$ConnectionKey']"}}},"HTTP":{"runAfter":{"Increment_variable":["Succeeded"]},"type":"Http","inputs":{"method":"GET","uri":"https://opentdb.com/api.php?amount=1"}},"Parse_JSON":{"runAfter":{"HTTP":["Succeeded"]},"type":"ParseJson","inputs":{"content":"@body('HTTP')","schema":{"type":"object","properties":{"response_code":{"type":"integer"},"results":{"type":"array","items":{"type":"object","properties":{"category":{"type":"string"},"type":{"type":"string"},"difficulty":{"type":"string"},"question":{"type":"string"},"correct_answer":{"type":"string"},"incorrect_answers":{"type":"array","items":{"type":"string"}}},"required":["category","type","difficulty","question","correct_answer","incorrect_answers"]}}}}}},"Compose":{"runAfter":{"Parse_JSON":["Succeeded"]},"type":"Compose","inputs":"@first(body('Parse_JSON')?['results'])"},"Parse_JSON_2":{"runAfter":{"Compose":["Succeeded"]},"type":"ParseJson","inputs":{"content":"@outputs('Compose')","schema":{"type":"object","properties":{"category":{"type":"string"},"type":{"type":"string"},"difficulty":{"type":"string"},"question":{"type":"string"},"correct_answer":{"type":"string"},"incorrect_answers":{"type":"array","items":{"type":"string"}}}}}},"Post_an_Adaptive_Card_to_a_Teams_user_and_wait_for_a_response":{"runAfter":{"Post_a_message_as_the_Flow_bot_to_a_user_2":["Succeeded"]},"metadata":{"flowSystemMetadata":{"swaggerOperationId":"SubscribeUserFlowContinuation"}},"type":"ApiConnectionWebhook","inputs":{"host":{"connection":{"name":"@json(decodeBase64(triggerOutputs().headers['X-MS-APIM-Tokens']))['$connections']['shared_teams']['connectionId']"},"api":{"runtimeUrl":"https://unitedstates-002.azure-apim.net/apim/teams"}},"body":{"notificationUrl":"@{listCallbackUrl()}","body":{"recipient":{"to":"mufife@MSD365demo1.onmicrosoft.com;"},"messageBody":"{\n    \"$schema\": \"http://adaptivecards.io/schemas/adaptive-card.json\",\n    \"type\": \"AdaptiveCard\",\n    \"version\": \"1.0\",\n    \"speak\": \"<s>Your  meeting about \\\"Adaptive Card design session\\\"<break strength='weak'/> is starting at 12:30pm</s><s>Do you want to snooze <break strength='weak'/> or do you want to send a late notification to the attendees?</s>\",\n    \"body\": [\n        {\n            \"type\": \"TextBlock\",\n            \"text\": \"@{body('Parse_JSON_2')?['question']}\",\n            \"size\": \"Large\",\n            \"weight\": \"Bolder\",\n            \"wrap\": true\n        },\n        {\n            \"type\": \"Input.Text\",\n            \"placeholder\": \"@{body('Parse_JSON_2')?['correct_answer']}\",\n            \"id\": \"answer\"\n        }\n    ],\n    \"actions\": [\n        {\n            \"type\": \"Action.Submit\",\n            \"title\": \"Submit\",\n            \"data\": {\n                \"x\": \"submit\"\n            }\n        },\n        {\n            \"type\": \"Action.Submit\",\n            \"title\": \"Pass\",\n            \"data\": {\n                \"x\": \"pass\"\n            }\n        }\n    ]\n}"}},"path":"/flowbot/actions/flowcontinuation/recipienttypes/user/$subscriptions","authentication":{"type":"Raw","value":"@json(decodeBase64(triggerOutputs().headers['X-MS-APIM-Tokens']))['$ConnectionKey']"}}},"Parse_JSON_3":{"runAfter":{"Post_an_Adaptive_Card_to_a_Teams_user_and_wait_for_a_response":["Succeeded"]},"type":"ParseJson","inputs":{"content":"@body('Post_a_message_as_the_Flow_bot_to_a_user')","schema":{"type":"object","properties":{"responseTime":{"type":"string"},"responder":{"type":"object","properties":{"objectId":{"type":"string"},"tenantId":{"type":"string"},"email":{"type":"string"},"userPrincipalName":{"type":"string"},"displayName":{"type":"string"}}},"submitActionId":{"type":"string"},"data":{"type":"object","properties":{"answer":{"type":"string"},"x":{"type":"string"}}}}}}},"Condition_2":{"actions":{"Post_a_message_as_the_Flow_bot_to_a_user_3":{"runAfter":{},"metadata":{"flowSystemMetadata":{"swaggerOperationId":"PostUserNotification"}},"type":"ApiConnection","inputs":{"host":{"connection":{"name":"@json(decodeBase64(triggerOutputs().headers['X-MS-APIM-Tokens']))['$connections']['shared_teams']['connectionId']"},"api":{"runtimeUrl":"https://unitedstates-002.azure-apim.net/apim/teams"}},"method":"post","body":{"messageTitle":"Rock on.  You got it correct","recipient":{"to":"mufife@MSD365demo1.onmicrosoft.com;"},"messageBody":"Let me try a little harder"},"path":"/flowbot/actions/notification/recipienttypes/user","authentication":{"type":"Raw","value":"@json(decodeBase64(triggerOutputs().headers['X-MS-APIM-Tokens']))['$ConnectionKey']"}}},"Increment_variable_2":{"runAfter":{"Post_a_message_as_the_Flow_bot_to_a_user_3":["Succeeded"]},"type":"IncrementVariable","inputs":{"name":"Score","value":1}}},"runAfter":{"Parse_JSON_3":["Succeeded"]},"else":{"actions":{"Post_a_message_as_the_Flow_bot_to_a_user_4":{"runAfter":{},"metadata":{"flowSystemMetadata":{"swaggerOperationId":"PostUserNotification"}},"type":"ApiConnection","inputs":{"host":{"connection":{"name":"@json(decodeBase64(triggerOutputs().headers['X-MS-APIM-Tokens']))['$connections']['shared_teams']['connectionId']"},"api":{"runtimeUrl":"https://unitedstates-002.azure-apim.net/apim/teams"}},"method":"post","body":{"messageTitle":"Brrrrr.  Wrong.","recipient":{"to":"mufife@MSD365demo1.onmicrosoft.com;"},"messageBody":"The correct answer was @{body('Parse_JSON_2')?['correct_answer']}"},"path":"/flowbot/actions/notification/recipienttypes/user","authentication":{"type":"Raw","value":"@json(decodeBase64(triggerOutputs().headers['X-MS-APIM-Tokens']))['$ConnectionKey']"}}}}},"expression":{"equals":["@body('Parse_JSON_3')?['data']?['answer']","@body('Parse_JSON_2')?['correct_answer']"]},"type":"If"}},"runAfter":{"Post_a_message_as_the_Flow_bot_to_a_user":["Succeeded"]},"expression":"@equals(variables('Question Count'), 10)","limit":{"count":60,"timeout":"PT1H"},"type":"Until"},"Post_a_message_as_the_Flow_bot_to_a_user_5":{"runAfter":{"Do_until":["Succeeded"]},"metadata":{"flowSystemMetadata":{"swaggerOperationId":"PostUserNotification"}},"type":"ApiConnection","inputs":{"host":{"connection":{"name":"@json(decodeBase64(triggerOutputs().headers['X-MS-APIM-Tokens']))['$connections']['shared_teams']['connectionId']"},"api":{"runtimeUrl":"https://unitedstates-002.azure-apim.net/apim/teams"}},"method":"post","body":{"messageTitle":"You scored @{variables('Score')} out of @{variables('Question Count')}","recipient":{"to":"mufife@MSD365demo1.onmicrosoft.com;"},"messageBody":"How fun was that?"},"path":"/flowbot/actions/notification/recipienttypes/user","authentication":{"type":"Raw","value":"@json(decodeBase64(triggerOutputs().headers['X-MS-APIM-Tokens']))['$ConnectionKey']"}}}},"runAfter":{"Post_an_Adaptive_Card_to_a_Teams_user_and_wait_for_a_response_2":["Succeeded"]},"expression":{"equals":["",""]},"type":"If"},"Initialize_variable":{"runAfter":{},"type":"InitializeVariable","inputs":{"variables":[{"name":"Question Count","type":"integer","value":0}]}},"Initialize_variable_2":{"runAfter":{"Initialize_variable":["Succeeded"]},"type":"InitializeVariable","inputs":{"variables":[{"name":"Score","type":"integer","value":0}]}}}},"connectionReferences":{"shared_teams":{"connectionName":"shared-teams-78680534-c3d3-4e7b-8211-699d7af78c17","source":"Invoker","id":"/providers/Microsoft.PowerApps/apis/shared_teams","tier":"NotSpecified"}},"flowFailureAlertSubscribed":false}}