{"name":"1d4aa6b3-906c-47ed-8008-0189d227ff34","id":"/providers/Microsoft.Flow/flows/1d4aa6b3-906c-47ed-8008-0189d227ff34","type":"Microsoft.Flow/flows","properties":{"apiId":"/providers/Microsoft.PowerApps/apis/shared_logicflows","displayName":"Trivia Game Bot Controller","definition":{"metadata":{"workflowEntityId":null,"creator":{"id":"1057b9b7-4202-4804-8b99-40a14ecd6cd8","type":"User","tenantId":"98f2ef8e-39a6-4721-a8c8-2d3dfe8ef2e7"},"provisioningMethod":"FromDefinition","failureAlertSubscription":true,"clientLastModifiedTime":"2020-04-15T14:20:32.9407976Z"},"$schema":"https://schema.management.azure.com/providers/Microsoft.Logic/schemas/2016-06-01/workflowdefinition.json#","contentVersion":"1.0.0.0","parameters":{"$connections":{"defaultValue":{},"type":"Object"},"$authentication":{"defaultValue":{},"type":"SecureObject"}},"triggers":{"Run_Every_Day_at_9_AM_ET":{"recurrence":{"frequency":"Day","interval":1,"timeZone":"Eastern Standard Time","schedule":{"hours":["9"]}},"type":"Recurrence"}},"actions":{"Get_Trivia_group_members":{"runAfter":{},"metadata":{"flowSystemMetadata":{"swaggerOperationId":"GetGroupMembers"}},"type":"ApiConnection","inputs":{"host":{"connection":{"name":"@parameters('$connections')['shared_azuread']['connectionId']"},"api":{"runtimeUrl":"https://unitedstates-002.azure-apim.net/apim/azuread"}},"method":"get","path":"/v1.0/groups/@{encodeURIComponent('0f0541ab-7596-4567-9ed9-5d76e94d917c')}/members","authentication":"@parameters('$authentication')"}},"Start_Trivia_Flow_For_Each_Member":{"foreach":"@body('Get_Trivia_group_members')?['value']","actions":{"HTTP":{"runAfter":{},"type":"Http","inputs":{"method":"POST","uri":"https://prod-60.westus.logic.azure.com:443/workflows/6d3213547f28463bb1f0b3ce33a81dd8/triggers/manual/paths/invoke?api-version=2016-06-01&sp=%2Ftriggers%2Fmanual%2Frun&sv=1.0&sig=uK3i6z5nQi4owIsyhZiwkQzeQAC0HjFOfOukj44HPJk","body":"@items('Start_Trivia_Flow_For_Each_Member')"}}},"runAfter":{"Get_Trivia_group_members":["Succeeded"]},"type":"Foreach"}}},"connectionReferences":{"shared_azuread":{"connectionName":"shared-azuread-c9945633-e82f-40e7-90ca-6a1d2e3b647c","source":"Embedded","id":"/providers/Microsoft.PowerApps/apis/shared_azuread","tier":"NotSpecified"}},"flowFailureAlertSubscribed":false}}