{"name":"6fcb43a4-5727-47f4-aa36-9719f2b81ff5","id":"/providers/Microsoft.Flow/flows/6fcb43a4-5727-47f4-aa36-9719f2b81ff5","type":"Microsoft.Flow/flows","properties":{"apiId":"/providers/Microsoft.PowerApps/apis/shared_logicflows","displayName":"Trivia Game Bot Pub","definition":{"metadata":{"workflowEntityId":null,"creator":{"id":"1057b9b7-4202-4804-8b99-40a14ecd6cd8","type":"User","tenantId":"98f2ef8e-39a6-4721-a8c8-2d3dfe8ef2e7"},"provisioningMethod":"FromDefinition","failureAlertSubscription":true,"clientLastModifiedTime":"2020-04-15T15:01:51.7323551Z"},"$schema":"https://schema.management.azure.com/providers/Microsoft.Logic/schemas/2016-06-01/workflowdefinition.json#","contentVersion":"1.0.0.0","parameters":{"$connections":{"defaultValue":{},"type":"Object"},"$authentication":{"defaultValue":{},"type":"SecureObject"}},"triggers":{"manual":{"type":"Request","kind":"Http","inputs":{"schema":{"type":"object","properties":{"@@odata.type":{"type":"string"},"id":{"type":"string"},"businessPhones":{"type":"array"},"displayName":{"type":"string"},"givenName":{"type":"string"},"jobTitle":{},"mail":{"type":"string"},"mobilePhone":{},"officeLocation":{},"preferredLanguage":{"type":"string"},"surname":{"type":"string"},"userPrincipalName":{"type":"string"}}}}}},"actions":{"Condition:_want_to_Play":{"actions":{"Post_a_message:_Lets_play":{"runAfter":{"Set_variable":["Succeeded"]},"metadata":{"flowSystemMetadata":{"swaggerOperationId":"PostUserNotification"}},"type":"ApiConnection","inputs":{"host":{"connection":{"name":"@parameters('$connections')['shared_teams']['connectionId']"},"api":{"runtimeUrl":"https://unitedstates-002.azure-apim.net/apim/teams"}},"method":"post","body":{"messageTitle":"Let's play @{variables('Rounds')} rounds!","recipient":{"to":"@{variables('Recipient Email')};"},"messageBody":"Go!"},"path":"/flowbot/actions/notification/recipienttypes/user","authentication":"@parameters('$authentication')"}},"Do_until":{"actions":{"Increment_variable_Questions_Count":{"runAfter":{},"type":"IncrementVariable","inputs":{"name":"Questions Count","value":1}},"HTTP":{"runAfter":{"Increment_variable_Questions_Count":["Succeeded"]},"type":"Http","inputs":{"method":"GET","uri":"https://opentdb.com/api.php?amount=1"}},"Parse_JSON":{"runAfter":{"HTTP":["Succeeded"]},"type":"ParseJson","inputs":{"content":"@body('HTTP')","schema":{"type":"object","properties":{"response_code":{"type":"integer"},"results":{"type":"array","items":{"type":"object","properties":{"category":{"type":"string"},"type":{"type":"string"},"difficulty":{"type":"string"},"question":{"type":"string"},"correct_answer":{"type":"string"},"incorrect_answers":{"type":"array","items":{"type":"string"}}},"required":["category","type","difficulty","question","correct_answer","incorrect_answers"]}}}}}},"Compose":{"runAfter":{"Parse_JSON":["Succeeded"]},"type":"Compose","inputs":"@first(body('Parse_JSON')?['results'])"},"Parse_JSON:_Get_correct_answer":{"runAfter":{"Compose":["Succeeded"]},"type":"ParseJson","inputs":{"content":"@outputs('Compose')","schema":{"type":"object","properties":{"category":{"type":"string"},"type":{"type":"string"},"difficulty":{"type":"string"},"question":{"type":"string"},"correct_answer":{"type":"string"},"incorrect_answers":{"type":"array","items":{"type":"string"}}}}}},"Condition:_check_answer":{"actions":{"Post_a_message_as_the_Flow_bot_to_a_user_3":{"runAfter":{},"metadata":{"flowSystemMetadata":{"swaggerOperationId":"PostUserNotification"}},"type":"ApiConnection","inputs":{"host":{"connection":{"name":"@parameters('$connections')['shared_teams']['connectionId']"},"api":{"runtimeUrl":"https://unitedstates-002.azure-apim.net/apim/teams"}},"method":"post","body":{"messageTitle":"Well Done!","recipient":{"to":"@{variables('Recipient Email')};"},"messageBody":"Your Answer  is correct"},"path":"/flowbot/actions/notification/recipienttypes/user","authentication":"@parameters('$authentication')"}},"Increment_variable_Score":{"runAfter":{"Post_a_message_as_the_Flow_bot_to_a_user_3":["Succeeded"]},"type":"IncrementVariable","inputs":{"name":"Score","value":1}}},"runAfter":{"Post_a_message:_your_answer":["Succeeded"]},"else":{"actions":{"Condition_3":{"actions":{"Post_a_message_as_the_Flow_bot_to_a_user_4":{"runAfter":{},"metadata":{"flowSystemMetadata":{"swaggerOperationId":"PostUserNotification"}},"type":"ApiConnection","inputs":{"host":{"connection":{"name":"@parameters('$connections')['shared_teams']['connectionId']"},"api":{"runtimeUrl":"https://unitedstates-002.azure-apim.net/apim/teams"}},"method":"post","body":{"messageTitle":"Oops! Sorry.","recipient":{"to":"@{variables('Recipient Email')};"},"messageBody":"Your Answer: @{body('Post_an_Adaptive_Card:_Question')['data']['userAnswer']}\nCorrect Answer: @{body('Parse_JSON:_Get_correct_answer')?['correct_answer']}"},"path":"/flowbot/actions/notification/recipienttypes/user","authentication":"@parameters('$authentication')"}}},"runAfter":{},"expression":{"equals":["@body('Post_an_Adaptive_Card:_Question')['data']['x']","ok"]},"type":"If"}}},"expression":{"equals":["@body('Post_an_Adaptive_Card:_Question')['data']['userAnswer']","@body('Parse_JSON:_Get_correct_answer')?['correct_answer']"]},"type":"If"},"Set_variable:_Answer_Options_-_add_incorrect_start":{"runAfter":{"Set_variable:_Random_position":["Succeeded"]},"type":"SetVariable","inputs":{"name":"Answer Options","value":"@take(body('Parse_JSON:_Get_correct_answer')?['incorrect_answers'],variables('Random Position'))"}},"Append_to_array_variable:_Answer_Options_-_add_correct":{"runAfter":{"Set_variable:_Answer_Options_-_add_incorrect_start":["Succeeded"]},"type":"AppendToArrayVariable","inputs":{"name":"Answer Options","value":"@body('Parse_JSON:_Get_correct_answer')?['correct_answer']"}},"Post_an_Adaptive_Card:_Question":{"runAfter":{"Compose_Question_without_Escape_Characters":["Succeeded"]},"metadata":{"flowSystemMetadata":{"swaggerOperationId":"SubscribeUserFlowContinuation"}},"type":"ApiConnectionWebhook","inputs":{"host":{"connection":{"name":"@parameters('$connections')['shared_teams']['connectionId']"},"api":{"runtimeUrl":"https://unitedstates-002.azure-apim.net/apim/teams"}},"body":{"notificationUrl":"@{listCallbackUrl()}","body":{"recipient":{"to":"@{variables('Recipient Email')};"},"messageBody":"{\n    \"$schema\": \"http://adaptivecards.io/schemas/adaptive-card.json\",\n    \"type\": \"AdaptiveCard\",\n    \"version\": \"1.0\",\n    \"body\": [\n        {\n            \"type\": \"TextBlock\",\n            \"text\": \"Question #@{variables('Questions Count')}\",\n            \"size\": \"Large\",\n            \"weight\": \"Bolder\",\n            \"wrap\": true\n        },\n        {\n            \"type\": \"TextBlock\",\n            \"text\": \"@{outputs('Compose_Question_without_Escape_Characters')}\",\n            \"size\": \"default\",\n            \"weight\": \"default\",\n            \"wrap\": true\n        },\n    {\n      \"type\": \"Input.ChoiceSet\",\n      \"id\": \"userAnswer\",\n      \"style\": \"expanded\",\n      \"isMultiSelect\": false,\n      \"choices\": @{outputs('Compose_Answer_Options_JSON')}\n    }\n    ],\n    \"actions\": [\n        {\n            \"type\": \"Action.Submit\",\n            \"title\": \"Answer\",\n            \"data\": {\n                \"x\": \"ok\"\n            }\n        },\n        {\n            \"type\": \"Action.Submit\",\n            \"title\": \"Skip\",\n            \"data\": {\n                \"x\": \"no\"\n            }\n        }\n    ]\n}"}},"path":"/flowbot/actions/flowcontinuation/recipienttypes/user/$subscriptions","authentication":"@parameters('$authentication')"}},"Apply_to_each_Answer_Option":{"foreach":"@variables('Answer Options')","actions":{"Compose_Answer_Options_JSON_Item":{"runAfter":{"Compose_Unescaped_Answer":["Succeeded"]},"type":"Compose","inputs":{"title":"@{outputs('Compose_Unescaped_Answer')}","value":"@{outputs('Compose_Unescaped_Answer')}"}},"Append_to_array_variable:_Answer_Options_JSON":{"runAfter":{"Compose_Answer_Options_JSON_Item":["Succeeded"]},"type":"AppendToArrayVariable","inputs":{"name":"Answer Options JSON","value":"@outputs('Compose_Answer_Options_JSON_Item')"}},"Compose_Unescaped_Answer":{"runAfter":{},"type":"Compose","inputs":"@replace(replace(items('Apply_to_each_Answer_Option'),'&quot;',''),'&amp;','&')"}},"runAfter":{"Set_variable:_clean_Answer_Options_JSON":["Succeeded"]},"type":"Foreach"},"Compose_Answer_Options_JSON":{"runAfter":{"Apply_to_each_Answer_Option":["Succeeded"]},"type":"Compose","inputs":"@variables('Answer Options JSON')"},"Post_a_message:_your_answer":{"runAfter":{"Post_an_Adaptive_Card:_Question":["Succeeded"]},"metadata":{"flowSystemMetadata":{"swaggerOperationId":"PostUserNotification"}},"type":"ApiConnection","inputs":{"host":{"connection":{"name":"@parameters('$connections')['shared_teams']['connectionId']"},"api":{"runtimeUrl":"https://unitedstates-002.azure-apim.net/apim/teams"}},"method":"post","body":{"messageTitle":"Your answer:","recipient":{"to":"@{variables('Recipient Email')};"},"messageBody":"@{body('Post_an_Adaptive_Card:_Question')['data']['userAnswer']}"},"path":"/flowbot/actions/notification/recipienttypes/user","authentication":"@parameters('$authentication')"}},"Compose_(for_test_purpose)":{"runAfter":{"Compose_Answer_Options_JSON":["Succeeded"]},"type":"Compose","inputs":{"$schema":"http://adaptivecards.io/schemas/adaptive-card.json","type":"AdaptiveCard","version":"1.0","body":[{"type":"TextBlock","text":"Question #@{variables('Questions Count')}","size":"Large","weight":"Bolder","wrap":true},{"type":"TextBlock","text":"@{body('Parse_JSON:_Get_correct_answer')?['question']}","size":"default","weight":"default","wrap":true},{"type":"Input.ChoiceSet","id":"userAnswer","style":"expanded","isMultiSelect":false,"choices":"@outputs('Compose_Answer_Options_JSON')"}],"actions":[{"type":"Action.Submit","title":"Answer","data":{"x":"ok"}},{"type":"Action.Submit","title":"Skip","data":{"x":"no"}}]}},"Set_variable:_clean_Answer_Options_JSON":{"runAfter":{"Append_to_array_variable:_Answer_Options_-_add_incorrect_end":["Succeeded"]},"type":"SetVariable","inputs":{"name":"Answer Options JSON","value":[]}},"Set_variable:_Random_position":{"runAfter":{"Parse_JSON:_Get_correct_answer":["Succeeded"]},"type":"SetVariable","inputs":{"name":"Random Position","value":"@rand(1,length(body('Parse_JSON:_Get_correct_answer')?['incorrect_answers']))"}},"Append_to_array_variable:_Answer_Options_-_add_incorrect_end":{"runAfter":{"Remember_the_current_Answer_Options":["Succeeded"]},"type":"SetVariable","inputs":{"name":"Answer Options","value":"@union(outputs('Remember_the_current_Answer_Options'),skip(body('Parse_JSON:_Get_correct_answer')?['incorrect_answers'],add(variables('Random Position'),-1)))"}},"Remember_the_current_Answer_Options":{"runAfter":{"Append_to_array_variable:_Answer_Options_-_add_correct":["Succeeded"]},"type":"Compose","inputs":"@variables('Answer Options')"},"Compose_Question_without_Escape_Characters":{"runAfter":{"Compose_(for_test_purpose)":["Succeeded"]},"type":"Compose","inputs":"@replace(replace(body('Parse_JSON:_Get_correct_answer')?['question'],'&quot;',''),'&#039;','')"}},"runAfter":{"Post_a_message:_Lets_play":["Succeeded"]},"expression":"@equals(variables('Questions Count'), variables('Rounds'))","limit":{"count":10,"timeout":"PT1H"},"type":"Until"},"Set_variable":{"runAfter":{"Post_an_Adaptive_Card:_Rounds_request":["Succeeded"]},"type":"SetVariable","inputs":{"name":"Rounds","value":"@int(body('Post_an_Adaptive_Card:_Rounds_request')['submitActionID'])"}},"Post_an_Adaptive_Card:_Rounds_request":{"runAfter":{},"metadata":{"flowSystemMetadata":{"swaggerOperationId":"SubscribeUserFlowContinuation"}},"type":"ApiConnectionWebhook","inputs":{"host":{"connection":{"name":"@parameters('$connections')['shared_teams']['connectionId']"},"api":{"runtimeUrl":"https://unitedstates-002.azure-apim.net/apim/teams"}},"body":{"notificationUrl":"@{listCallbackUrl()}","body":{"recipient":{"to":"@{variables('Recipient Email')};"},"messageBody":"{\n    \"$schema\": \"http://adaptivecards.io/schemas/adaptive-card.json\",\n    \"type\": \"AdaptiveCard\",\n    \"version\": \"1.0\",\n    \"body\": [\n        {\n            \"type\": \"TextBlock\",\n            \"text\": \"How many rounds would you like to play?\",\n            \"size\": \"Large\",\n            \"weight\": \"Bolder\",\n            \"wrap\": true\n        }\n    ],\n    \"actions\": [\n        {\n            \"type\": \"Action.Submit\",\n            \"title\": \"1\"\n        },\n        {\n            \"type\": \"Action.Submit\",\n            \"title\": \"2\"\n        },\n        {\n            \"type\": \"Action.Submit\",\n            \"title\": \"3\"\n        },\n        {\n            \"type\": \"Action.Submit\",\n            \"title\": \"5\"\n        },\n        {\n            \"type\": \"Action.Submit\",\n            \"title\": \"10\"\n        }\n    ]\n}"}},"path":"/flowbot/actions/flowcontinuation/recipienttypes/user/$subscriptions","authentication":"@parameters('$authentication')"}},"Post_a_message:_see_you":{"runAfter":{"Post_a_message:_Your_Score":["Succeeded"]},"metadata":{"flowSystemMetadata":{"swaggerOperationId":"PostUserNotification"}},"type":"ApiConnection","inputs":{"host":{"connection":{"name":"@parameters('$connections')['shared_teams']['connectionId']"},"api":{"runtimeUrl":"https://unitedstates-002.azure-apim.net/apim/teams"}},"method":"post","body":{"messageTitle":"See you later!","recipient":{"to":"@{variables('Recipient Email')};"},"messageBody":"Stay safe!"},"path":"/flowbot/actions/notification/recipienttypes/user","authentication":"@parameters('$authentication')"}},"Post_a_message:_Your_Score":{"runAfter":{"Do_until":["Succeeded"]},"metadata":{"flowSystemMetadata":{"swaggerOperationId":"PostUserNotification"}},"type":"ApiConnection","inputs":{"host":{"connection":{"name":"@parameters('$connections')['shared_teams']['connectionId']"},"api":{"runtimeUrl":"https://unitedstates-002.azure-apim.net/apim/teams"}},"method":"post","body":{"messageTitle":"Your Score:","recipient":{"to":"@{variables('Recipient Email')};"},"messageBody":"@{variables('Score')} out of  @{variables('Questions Count')}"},"path":"/flowbot/actions/notification/recipienttypes/user","authentication":"@parameters('$authentication')"}},"Post_a_message_as_the_Flow_bot_to_a_channel":{"runAfter":{"Post_a_message:_see_you":["Succeeded"]},"metadata":{"flowSystemMetadata":{"swaggerOperationId":"PostChannelNotification"}},"type":"ApiConnection","inputs":{"host":{"connection":{"name":"@parameters('$connections')['shared_teams']['connectionId']"},"api":{"runtimeUrl":"https://unitedstates-002.azure-apim.net/apim/teams"}},"method":"post","body":{"recipient":{"channelId":"19:93085a3038cd4f1d8dd850f59d51f60f@thread.tacv2"},"messageBody":"@{body('Get_user_profile_(V2)')?['displayName']} just played a Trivia game and got a score of @{variables('Score')} out of  @{variables('Questions Count')}.  Why don't the rest of you join the team and see if you can do better,"},"path":"/flowbot/actions/notification/recipienttypes/channel","queries":{"groupId":"0f0541ab-7596-4567-9ed9-5d76e94d917c"},"authentication":"@parameters('$authentication')"}}},"runAfter":{"Post_an_Adaptive_Card:_want_to_Play":["Succeeded"]},"else":{"actions":{"Post_a_message_as_the_Flow_bot_to_a_user":{"runAfter":{},"metadata":{"flowSystemMetadata":{"swaggerOperationId":"PostUserNotification"}},"type":"ApiConnection","inputs":{"host":{"connection":{"name":"@parameters('$connections')['shared_teams']['connectionId']"},"api":{"runtimeUrl":"https://unitedstates-002.azure-apim.net/apim/teams"}},"method":"post","body":{"messageTitle":"@{body('Post_an_Adaptive_Card:_want_to_Play')['submitActionID']}... Ok. Next time :)","recipient":{"to":"@{variables('Recipient Email')};"},"messageBody":"See you later"},"path":"/flowbot/actions/notification/recipienttypes/user","authentication":"@parameters('$authentication')"}},"Terminate":{"runAfter":{"Post_a_message_as_the_Flow_bot_to_a_user":["Succeeded"]},"type":"Terminate","inputs":{"runStatus":"Succeeded"}}}},"expression":{"equals":["@body('Post_an_Adaptive_Card:_want_to_Play')['submitActionID']","Yes"]},"type":"If"},"Initialize_variable:_Rounds":{"runAfter":{"Initialize_variable:_Recipient_Name":["Succeeded"]},"type":"InitializeVariable","inputs":{"variables":[{"name":"Rounds","type":"integer","value":2}]}},"Initialize_variable:_Questions_Count":{"runAfter":{"Initialize_variable:_Rounds":["Succeeded"]},"type":"InitializeVariable","inputs":{"variables":[{"name":"Questions Count","type":"integer","value":0}]}},"Initialize_variable:_Recipient_Email":{"runAfter":{"Response":["Succeeded"]},"type":"InitializeVariable","inputs":{"variables":[{"name":"Recipient Email","type":"string","value":"@triggerBody()?['mail']"}]}},"Get_user_profile_(V2)":{"runAfter":{"Initialize_variable:_Recipient_Email":["Succeeded"]},"metadata":{"flowSystemMetadata":{"swaggerOperationId":"UserProfile_V2"}},"type":"ApiConnection","inputs":{"host":{"connection":{"name":"@parameters('$connections')['shared_office365users']['connectionId']"},"api":{"runtimeUrl":"https://unitedstates-002.azure-apim.net/apim/office365users"}},"method":"get","path":"/codeless/v1.0/users/@{encodeURIComponent(variables('Recipient Email'))}","authentication":"@parameters('$authentication')"}},"Initialize_variable:_Recipient_Name":{"runAfter":{"Get_user_profile_(V2)":["Succeeded"]},"type":"InitializeVariable","inputs":{"variables":[{"name":"Recipient Name","type":"string","value":"@body('Get_user_profile_(V2)')?['givenName']"}]}},"Post_an_Adaptive_Card:_want_to_Play":{"runAfter":{"Condition:_How_are_you":["Succeeded"]},"metadata":{"flowSystemMetadata":{"swaggerOperationId":"SubscribeUserFlowContinuation"}},"type":"ApiConnectionWebhook","inputs":{"host":{"connection":{"name":"@parameters('$connections')['shared_teams']['connectionId']"},"api":{"runtimeUrl":"https://unitedstates-002.azure-apim.net/apim/teams"}},"body":{"notificationUrl":"@{listCallbackUrl()}","body":{"recipient":{"to":"@{variables('Recipient Email')};"},"messageBody":"{\n    \"$schema\": \"http://adaptivecards.io/schemas/adaptive-card.json\",\n    \"type\": \"AdaptiveCard\",\n    \"version\": \"1.0\",\n    \"body\": [\n        {\n            \"type\": \"TextBlock\",\n            \"text\": \"@{variables('Recipient Name')}, would you like to play a trivia game?\",\n            \"size\": \"Large\",\n            \"weight\": \"Bolder\",\n            \"wrap\": true\n        }\n    ],\n    \"actions\": [\n        {\n            \"type\": \"Action.Submit\",\n            \"title\": \"Yes\"\n        },\n        {\n            \"type\": \"Action.Submit\",\n            \"title\": \"No\"\n        }\n    ]\n}"}},"path":"/flowbot/actions/flowcontinuation/recipienttypes/user/$subscriptions","authentication":"@parameters('$authentication')"}},"Post_an_Adaptive_Card:_How_are_you":{"runAfter":{"Initialize_variable:_Random_Position":["Succeeded"]},"metadata":{"flowSystemMetadata":{"swaggerOperationId":"SubscribeUserFlowContinuation"}},"type":"ApiConnectionWebhook","inputs":{"host":{"connection":{"name":"@parameters('$connections')['shared_teams']['connectionId']"},"api":{"runtimeUrl":"https://unitedstates-002.azure-apim.net/apim/teams"}},"body":{"notificationUrl":"@{listCallbackUrl()}","body":{"recipient":{"to":"@{variables('Recipient Email')};"},"messageBody":"{\n    \"$schema\": \"http://adaptivecards.io/schemas/adaptive-card.json\",\n    \"type\": \"AdaptiveCard\",\n    \"version\": \"1.0\",\n    \"body\": [\n        {\n            \"type\": \"TextBlock\",\n            \"text\": \"Hi! I'm your Trivia Bot\",\n            \"size\": \"Large\",\n            \"weight\": \"Bolder\",\n            \"wrap\": true\n        },\n        {\n            \"type\": \"TextBlock\",\n            \"text\": \"How are you?\",\n            \"size\": \"default\",\n            \"weight\": \"default\",\n            \"wrap\": true\n        }\n    ],\n    \"actions\": [\n        {\n            \"type\": \"Action.Submit\",\n            \"title\": \"Fine\",\n            \"data\": {\n                \"x\": \"ok\"\n            }\n        },\n        {\n            \"type\": \"Action.Submit\",\n            \"title\": \"So-so\",\n            \"data\": {\n                \"x\": \"no\"\n            }\n        },\n        {\n            \"type\": \"Action.Submit\",\n            \"title\": \"Don't ask\",\n            \"data\": {\n                \"x\": \"no\"\n            }\n        }\n    ]\n}"}},"path":"/flowbot/actions/flowcontinuation/recipienttypes/user/$subscriptions","authentication":"@parameters('$authentication')"}},"Condition:_How_are_you":{"actions":{"Post_a_message_as_the_Flow_bot_to_a_user_5":{"runAfter":{},"metadata":{"flowSystemMetadata":{"swaggerOperationId":"PostUserNotification"}},"type":"ApiConnection","inputs":{"host":{"connection":{"name":"@parameters('$connections')['shared_teams']['connectionId']"},"api":{"runtimeUrl":"https://unitedstates-002.azure-apim.net/apim/teams"}},"method":"post","body":{"messageTitle":"Great!","recipient":{"to":"@{variables('Recipient Email')};"},"messageBody":"It's wonderful!"},"path":"/flowbot/actions/notification/recipienttypes/user","authentication":"@parameters('$authentication')"}}},"runAfter":{"Post_an_Adaptive_Card:_How_are_you":["Succeeded"]},"else":{"actions":{"Post_a_message_as_the_Flow_bot_to_a_user_6":{"runAfter":{},"metadata":{"flowSystemMetadata":{"swaggerOperationId":"PostUserNotification"}},"type":"ApiConnection","inputs":{"host":{"connection":{"name":"@parameters('$connections')['shared_teams']['connectionId']"},"api":{"runtimeUrl":"https://unitedstates-002.azure-apim.net/apim/teams"}},"method":"post","body":{"messageTitle":"Sorry to hear that","recipient":{"to":"@{variables('Recipient Email')};"},"messageBody":"Maybe it's just a rain?"},"path":"/flowbot/actions/notification/recipienttypes/user","authentication":"@parameters('$authentication')"}}}},"expression":{"equals":["@body('Post_an_Adaptive_Card:_How_are_you')?['data']?['x']","ok"]},"type":"If"},"Initialize_variable:_Answer_Options":{"runAfter":{"Initialize_variable:_Score":["Succeeded"]},"type":"InitializeVariable","inputs":{"variables":[{"name":"Answer Options","type":"array"}]}},"Initialize_variable:_Answer_Options_JSON":{"runAfter":{"Initialize_variable:_Answer_Options":["Succeeded"]},"type":"InitializeVariable","inputs":{"variables":[{"name":"Answer Options JSON","type":"array"}]}},"Initialize_variable:_Score":{"runAfter":{"Initialize_variable:_Questions_Count":["Succeeded"]},"type":"InitializeVariable","inputs":{"variables":[{"name":"Score","type":"integer","value":0}]}},"Initialize_variable:_Random_Position":{"runAfter":{"Initialize_variable:_Answer_Options_JSON":["Succeeded"]},"type":"InitializeVariable","inputs":{"variables":[{"name":"Random Position","type":"integer"}]}},"Response":{"runAfter":{},"type":"Response","kind":"Http","inputs":{"statusCode":200}}}},"connectionReferences":{"shared_teams":{"connectionName":"shared-teams-78680534-c3d3-4e7b-8211-699d7af78c17","source":"Embedded","id":"/providers/Microsoft.PowerApps/apis/shared_teams","tier":"NotSpecified"},"shared_office365users":{"connectionName":"e63f6b0bdc124badaff67bfee5088f21","source":"Embedded","id":"/providers/Microsoft.PowerApps/apis/shared_office365users","tier":"NotSpecified"}},"flowFailureAlertSubscribed":false}}